{"cameraMode":{"drawMode":0,"name":"Shaded","section":"Shading Mode"},"sceneLighting":true,"audioPlay":false,"sceneViewState":{"m_AlwaysRefresh":false,"showFog":true,"showSkybox":true,"showFlares":true,"showImageEffects":true,"showParticleSystems":true,"showVisualEffectGraphs":true,"m_FxEnabled":true},"in2DMode":false,"pivot":{"x":469.6726989746094,"y":191.32215881347657,"z":-21.37908935546875},"rotation":{"x":0.02099815383553505,"y":0.0059984466060996059,"z":-0.00012540824536699802,"w":0.9997648596763611},"size":244.45358276367188,"orthographic":true}