{"cameraMode":{"drawMode":0,"name":"Shaded","section":"Shading Mode"},"sceneLighting":true,"audioPlay":false,"sceneViewState":{"m_AlwaysRefresh":false,"showFog":true,"showSkybox":true,"showFlares":true,"showImageEffects":true,"showParticleSystems":true,"showVisualEffectGraphs":true,"m_FxEnabled":true},"in2DMode":false,"pivot":{"x":6.010000228881836,"y":3.5200002193450929,"z":4.869999885559082},"rotation":{"x":-0.0041160439141094688,"y":0.993164598941803,"z":-0.11069656908512116,"w":-0.03696814551949501},"size":7.00225305557251,"orthographic":true}