{"cameraMode":{"drawMode":0,"name":"Shaded","section":"Shading Mode"},"sceneLighting":true,"audioPlay":false,"sceneViewState":{"m_AlwaysRefresh":false,"showFog":true,"showSkybox":true,"showFlares":true,"showImageEffects":true,"showParticleSystems":true,"showVisualEffectGraphs":true,"m_FxEnabled":true},"in2DMode":false,"pivot":{"x":0.6659349203109741,"y":-0.2972850203514099,"z":-9.61050796508789},"rotation":{"x":0.053614575415849689,"y":-0.15631400048732758,"z":0.008497428148984909,"w":0.9862237572669983},"size":2.332627773284912,"orthographic":false}