{"cameraMode":{"drawMode":0,"name":"Shaded","section":"Shading Mode"},"sceneLighting":true,"audioPlay":false,"sceneViewState":{"m_AlwaysRefresh":false,"showFog":true,"showSkybox":true,"showFlares":true,"showImageEffects":true,"showParticleSystems":true,"showVisualEffectGraphs":true,"m_FxEnabled":true},"in2DMode":false,"pivot":{"x":3.925225257873535,"y":-2.5945520401000978,"z":25.86812400817871},"rotation":{"x":0.06905852258205414,"y":0.07505901902914047,"z":-0.005211699288338423,"w":0.9947771430015564},"size":37.677181243896487,"orthographic":false}